<?xml version="1.0" encoding="UTF-8"?>
<Configuration packages="com.amazonaws.services.lambda.runtime.log4j2">
    <Appenders>
        <Lambda name="Lambda">
            <JsonLayout compact="true" eventEol="true" objectMessageAsJsonObject="true" properties="true"/>
        </Lambda>
    </Appenders>
    <Loggers>
        <Root level="info">
            <AppenderRef ref="Lambda"/>
        </Root>
    </Loggers>
</Configuration>

<!--<?xml version="1.0" encoding="UTF-8"?>-->
<!--<Configuration packages="com.amazonaws.services.lambda.runtime.log4j2">-->
<!--    <Appenders>-->
<!--        <Lambda name="Lambda">-->
<!--            <PatternLayout>-->
<!--                <pattern>%d{yyyy-MM-dd HH:mm:ss} %X{AWSRequestId} %-5p %c{1}:%L - %m%n</pattern>-->
<!--            </PatternLayout>-->
<!--        </Lambda>-->
<!--    </Appenders>-->
<!--    <Loggers>-->
<!--        <Root level="info">-->
<!--            <AppenderRef ref="Lambda"/>-->
<!--        </Root>-->
<!--    </Loggers>-->
<!--</Configuration>-->
