<?xml version="1.0" encoding="UTF-8"?>
<Configuration status="WARN">
	<Appenders>
		<Console name="Console" target="SYSTEM_OUT">
			<PatternLayout pattern="%d{HH:mm:ss.SSS} [%t] %-5level %logger{36} - %msg%n" />
		</Console>
		<File name="File" fileName="output.log" immediateFlush="true"
			append="false">
			<PatternLayout
				pattern="%d{yyy-MM-dd HH:mm:ss.SSS} [%t] %-5level %logger{36} - %msg%n" />
		</File>

	</Appenders>
	<Loggers>
		<Root level="info">
			<AppenderRef ref="Console" />
			<AppenderRef ref="File" />
		</Root>
	</Loggers> 
</Configuration>